subject,start,end,organizer,required attendees,optional attendees
Elders Meeting — Alexandria,2025-06-02 10:15:00,2025-06-02 11:00:00,Apollos,Agabus;Crescens;Tabitha;Eutychus;Nymphas;Cephas_Disciple;Secundus,Thomas;Joseph_Barsabas;Philip_Deacon;Nicolas
Lord's Supper Preparation — Samaria,2025-06-02 15:15:00,2025-06-02 16:45:00,Nicolas,Titus;Simon_Zealot,Trophimus
Sabbath Teaching Plan — Malta,2025-06-03 09:45:00,2025-06-03 12:15:00,Epaphras,Damaris;Dionysius;Quartus;Gaius_Macedonia;Onesiphorus;Rufus;Thaddaeus;Nicanor;Timon,John;Cephas_Disciple
Hospitality Network Coordination — Ephesus,2025-06-03 16:00:00,2025-06-03 19:00:00,Paul,Gaius_Derbe;Trophimus;Apollos;Philip;James_Zebedee;Damaris;Thaddaeus,Simon_Zealot
Idol-Meat Controversy — Patmos,2025-06-03 18:30:00,2025-06-03 19:30:00,Andrew,Nicolas;Crispus;Gaius_Derbe;Demetrius;Matthew;Phlegon;Asyncritus;Agabus;Nicanor,Hermes;Philemon;Tryphena
Widow's Care Logistics — Thyatira,2025-06-04 14:00:00,2025-06-04 15:30:00,Andrew,Tryphena;Caius;Cephas_Disciple;Tryphosa;Junia;Tychicus;Persis,Agabus
Persecution Response Briefing — Rome,2025-06-05 13:15:00,2025-06-05 14:45:00,Matthias,Phlegon;Aquila;Demetrius;Nicanor;Sopater;Barnabas,Cleopas;Rufus;Prochorus;John
Synagogue Outreach Planning — Philadelphia,2025-06-05 15:30:00,2025-06-05 17:30:00,Hermes,Simon_Zealot;Andronicus;Secundus;Joseph_Barsabas;Persis;Onesiphorus;Paul;Nicanor,Quartus;Apphia;Thomas
Elders Meeting — Samaria,2025-06-06 14:30:00,2025-06-06 16:00:00,Paul,Gaius_Derbe;Nicolas;Joseph_Barsabas;Trophimus;Thaddaeus;Barnabas;Asyncritus;Silas;Gaius_Macedonia;Luke,Bartholomew
Shipwreck Recovery Briefing — Samaria,2025-06-08 09:15:00,2025-06-08 10:15:00,Thomas,Nicanor;Agabus,
Trial Preparation — Tarsus,2025-06-09 10:00:00,2025-06-09 10:30:00,Bartholomew,Trophimus;Matthew;Simon_Zealot;Rufus;Demetrius;John;Stephen;Nicanor;Justus,
Hospitality Network Coordination — Ephesus,2025-06-11 13:30:00,2025-06-11 14:15:00,Bartholomew,Jason;Carpus;Epaphroditus;Stephen;Damaris;Silas;Epaphras;Crispus;Nymphas;John,
Hospitality Network Coordination — Crete,2025-06-11 18:00:00,2025-06-11 18:45:00,James_Alphaeus,Andrew;Jason;Archippus;Onesimus;Epaphras;Carpus;Demas,
Prayer Vigil — Patmos,2025-06-12 09:00:00,2025-06-12 11:30:00,Cleopas,Andronicus;Fortunatus;Damaris;Olympas;Nicanor;Dionysius;Stephanas,Demas;Tryphosa
Scribal Workshop — Cyprus,2025-06-12 13:30:00,2025-06-12 15:30:00,Phlegon,John;Sopater;Andronicus;Dionysius;Parmenas;Epaphroditus;Phoebe,Caius;Chloe
Prayer Vigil — Lystra,2025-06-13 07:15:00,2025-06-13 10:15:00,Barnabas,Lucius;Chloe;Demetrius;Andronicus;Persis;Aquila;Lydia,Rufus;Dionysius
Widow's Care Logistics — Perga,2025-06-13 09:30:00,2025-06-13 12:30:00,Paul,Hermes;Erastus;Andronicus;Cornelius;Manaen;Mary_Mark;Sopater;Achaicus;Epaphroditus,Archippus
Elders Meeting — Damascus,2025-06-13 11:00:00,2025-06-13 15:00:00,John,Carpus;Justus;Junia;Sopater;Lucius;Mary_Mark;Hermas;Titus;Erastus;Phlegon,
Elders Meeting — Hierapolis,2025-06-14 10:30:00,2025-06-14 12:00:00,Gaius_Derbe,Mark;Aristarchus;Paul;Crispus;Hermes;Eutychus;Onesimus;Gaius_Macedonia;Timon;Patrobas,Apollos;Quartus;Tryphena;James_Alphaeus
Breaking of Bread — Corinth,2025-06-15 14:00:00,2025-06-15 17:00:00,Thaddaeus,Eutychus;Achaicus;Quartus;Matthew;James_Zebedee;Sosthenes;Gaius_Derbe;Cleopas;Crescens,Asyncritus
Apostolic Letter Review — Corinth,2025-06-16 13:00:00,2025-06-16 15:00:00,James_Alphaeus,Achaicus;Zenas;Cornelius;Lucius;Gaius_Macedonia;Stephen;John,
Famine Relief Coordination — Athens,2025-06-17 07:00:00,2025-06-17 09:30:00,Matthias,Thaddaeus;Timothy;Rufus;Phlegon;Chloe;Lydia;Demetrius;Phoebe,
Farewell Address — Thyatira,2025-06-18 16:30:00,2025-06-18 17:30:00,Thomas,Sosthenes;Demetrius;Tryphena;Thaddaeus;Tabitha;Stephanas,Parmenas;Stephen
Council of Apostles — Smyrna,2025-06-20 08:30:00,2025-06-20 11:30:00,Matthias,Cleopas;Erastus;Joseph_Barsabas;Parmenas;Sosthenes;Lucius;Agabus;Prochorus,Demas
Teaching Schedule Review — Rome,2025-06-20 10:30:00,2025-06-20 11:30:00,Epaphras,Eutychus;Luke;Mary_Rome;Timothy;Stephen,Gaius_Macedonia;Justus;Erastus;Cornelius
Lord's Supper Preparation — Rome,2025-06-21 07:00:00,2025-06-21 11:00:00,Nicolas,Trophimus;Olympas;Timothy;Cornelius,Archippus;Tabitha;Joseph_Barsabas;Aristarchus
Gentile Mission Update — Joppa,2025-06-22 09:30:00,2025-06-22 12:00:00,Peter,Asyncritus;Priscilla;Demetrius;Mary_Mark,Mark
Vision Interpretation Session — Pergamum,2025-06-22 13:00:00,2025-06-22 14:00:00,Mark,Carpus;Epaphroditus;Priscilla;Tryphosa;Caius;Nymphas;Cleopas;Mary_Mark,Timon;Sosthenes
New Convert Catechesis — Berea,2025-06-22 18:45:00,2025-06-22 20:45:00,Philip,Justus;Mark;Philemon;Dionysius;Luke,Chloe;Stephanas
Widow's Care Logistics — Galatia,2025-06-23 07:15:00,2025-06-23 07:45:00,Crescens,Priscilla;Eutychus;Tryphena;Joseph_Barsabas,Thaddaeus
Sabbath Teaching Plan — Alexandria,2025-06-23 19:00:00,2025-06-23 20:00:00,Hermes,Junia;Matthias;Dionysius;Thaddaeus;Zenas;Mary_Mark,Gaius_Macedonia;Simon_Zealot;Achaicus
Doctrinal Council — Puteoli,2025-06-25 09:30:00,2025-06-25 10:15:00,Paul,Mary_Rome;Tryphena,Andronicus;Lucius;James_Alphaeus
Vision Interpretation Session — Pergamum,2025-06-25 10:00:00,2025-06-25 10:45:00,Patrobas,Andrew;Cornelius;Priscilla,
Widow's Care Logistics — Smyrna,2025-06-25 14:00:00,2025-06-25 14:30:00,Nicolas,Phoebe;Hermas;Carpus;Mary_Mark;Justus;Nicanor,Parmenas;Tryphosa;Manaen;Lucius
Hospitality Network Coordination — Jerusalem,2025-06-25 15:00:00,2025-06-25 15:45:00,James_Alphaeus,Olympas;Cleopas;Caius;Philip,Stephanas;Zenas;Mary_Mark
Persecution Response Briefing — Athens,2025-06-25 18:20:00,2025-06-25 19:50:00,Timon,Linus;Nicolas,Onesimus;Tabitha
Widow's Care Logistics — Colossae,2025-06-26 13:00:00,2025-06-26 14:30:00,James_Alphaeus,Nicolas;Olympas;Gaius_Derbe;Lydia;Luke;Damaris,
Synagogue Outreach Planning — Alexandria,2025-06-27 08:20:00,2025-06-27 10:50:00,James_Zebedee,Demas;Damaris,Hermas;Titus;Phoebe
Persecution Response Briefing — Miletus,2025-06-27 18:15:00,2025-06-27 19:45:00,James_Zebedee,Stephanas;James_Alphaeus;Secundus;Parmenas,
Trial Preparation — Cyprus,2025-06-28 08:00:00,2025-06-28 09:00:00,Paul,Asyncritus;Achaicus;Tryphosa;Nicolas;Mary_Mark;Justus;Hermas;Jason;Erastus;John,Chloe;Demetrius
Famine Relief Coordination — Hierapolis,2025-06-28 09:20:00,2025-06-28 09:50:00,Epaphras,Caius;Timothy;Titus;Epaphroditus;Tryphena;Rufus;Hermes,Apphia;Andrew
Trial Preparation — Galatia,2025-06-28 13:15:00,2025-06-28 14:15:00,Thomas,Damaris;Titus;Matthias;Persis;Trophimus;Tychicus,Epaphroditus
Missionary Strategy Session — Cyprus,2025-06-28 18:30:00,2025-06-28 19:30:00,Phlegon,Nicanor;Parmenas;Crescens,Patrobas
Gentile Mission Update — Puteoli,2025-06-29 09:15:00,2025-06-29 10:15:00,Tychicus,Crispus;Titus;Philemon;Zenas;Matthew;Dionysius;Chloe,Apollos;Mary_Rome
Teaching Schedule Review — Jerusalem,2025-06-30 14:30:00,2025-06-30 18:30:00,Secundus,Priscilla;Epaphroditus;James_Alphaeus;Tryphosa;Caius;Peter;Onesimus;Cornelius;Prochorus,Philemon;Justus;Onesiphorus
Deacon Selection — Philadelphia,2025-07-01 07:00:00,2025-07-01 09:30:00,Sosthenes,Nymphas;Peter;Patrobas;Matthew;Archippus;Damaris,Mary_Mark;Linus;Chloe;Parmenas
Baptism Service Coordination — Sardis,2025-07-01 09:20:00,2025-07-01 11:20:00,Paul,Mary_Rome;Justus;Cornelius;Simon_Zealot;Patrobas;Parmenas,Agabus;Caius;Luke
Elders Meeting — Hierapolis,2025-07-04 10:00:00,2025-07-04 14:00:00,Quartus,Jason;Epaphras;Sosthenes;Mary_Rome;Thomas;Andrew;Linus;Trophimus,Silas;Luke;Joseph_Barsabas
Sabbath Teaching Plan — Caesarea,2025-07-05 08:45:00,2025-07-05 09:15:00,Matthias,Rufus;James_Alphaeus;Silas;Quartus;Demetrius;Nymphas;Paul,Priscilla;Barnabas;Trophimus;Timon
Farewell Address — Thessalonica,2025-07-06 08:30:00,2025-07-06 09:15:00,Onesiphorus,Silas;Carpus;Epaphras;Nymphas,Tabitha;Demetrius;Mark
Vision Interpretation Session — Berea,2025-07-06 08:45:00,2025-07-06 10:15:00,Paul,Manaen;Matthew;Aquila;Olympas;Mary_Rome;Lucius;Lydia;Prochorus,
Teaching Schedule Review — Galatia,2025-07-06 14:30:00,2025-07-06 16:30:00,James_Zebedee,Phlegon;Nicanor;Tabitha;Prochorus;Junia;Parmenas;Manaen;Quartus,
Farewell Address — Colossae,2025-07-07 07:20:00,2025-07-07 11:20:00,James_Zebedee,Olympas;Thaddaeus;Cornelius;Parmenas;Agabus,
Sabbath Teaching Plan — Hierapolis,2025-07-07 16:00:00,2025-07-07 20:00:00,Rufus,Tychicus;Silas;Tryphosa;Fortunatus;Quartus,Philip;Justus;Agabus;Onesimus
Baptism Service Coordination — Cyprus,2025-07-08 09:20:00,2025-07-08 09:50:00,Onesiphorus,Epaphroditus;Achaicus;Archippus;John;Mary_Mark;Demas;Nicolas,Timothy;Zenas;Caius
Breaking of Bread — Crete,2025-07-08 11:20:00,2025-07-08 13:50:00,Paul,Caius;Gaius_Derbe;Gaius_Macedonia;Apollos;Timothy,Joseph_Barsabas;Aquila;Nicolas;James_Zebedee
Collection for the Saints — Galatia,2025-07-09 08:30:00,2025-07-09 10:00:00,Thaddaeus,Lydia;Bartholomew;Erastus;Junia;John;Luke;Hermes;Silas;Onesiphorus;Mark,
Council of Apostles — Joppa,2025-07-09 09:30:00,2025-07-09 11:00:00,Sosthenes,Cornelius;Priscilla;James_Zebedee,
Collection for the Saints — Corinth,2025-07-09 14:00:00,2025-07-09 15:00:00,Cephas_Disciple,John;Mark;Secundus;Achaicus;Prochorus;Onesiphorus;Aristarchus;Matthew,Apphia;Andronicus
Discipleship Training — Antioch,2025-07-11 10:00:00,2025-07-11 11:30:00,Matthew,Linus;Olympas;Mark;Agabus;Dionysius;Zenas,Tryphosa;Justus;Simon_Zealot;Stephen
Discipleship Training — Lystra,2025-07-11 13:45:00,2025-07-11 16:45:00,Mark,Peter;Silas;Philemon;Sopater;Timothy;Cleopas;Mary_Rome;Tabitha,
Apostolic Letter Review — Thessalonica,2025-07-11 14:30:00,2025-07-11 15:15:00,James_Zebedee,Eutychus;Tryphena;Luke;Fortunatus;Justus;Onesimus;Joseph_Barsabas,Archippus;Prochorus;Hermes
Collection for the Saints — Joppa,2025-07-12 07:00:00,2025-07-12 09:00:00,Hermas,Hermes;James_Zebedee;Secundus;Prochorus;Onesiphorus;Erastus;Chloe;Stephen;Phlegon,
Scribal Workshop — Caesarea,2025-07-12 08:20:00,2025-07-12 09:50:00,Simon_Zealot,Carpus;Paul;Epaphroditus;Trophimus;Cleopas;Zenas;Andrew;Cephas_Disciple;Mark;Onesimus,Cornelius;Hermas;Joseph_Barsabas;Parmenas
Church Planting Review — Corinth,2025-07-12 14:00:00,2025-07-12 15:30:00,James_Alphaeus,Mary_Mark;Rufus;Tryphena;Epaphras;Carpus;Onesimus;Tychicus;Nicolas;Andronicus,Lucius;John;Phlegon
Apostolic Letter Review — Galatia,2025-07-13 09:00:00,2025-07-13 10:00:00,Paul,Chloe;Bartholomew;Lucius;Tryphena;Erastus;Prochorus;Phlegon;Tryphosa,Lydia;Demas
Scribal Workshop — Patmos,2025-07-13 14:45:00,2025-07-13 15:45:00,Gaius_Derbe,Gaius_Macedonia;Archippus;Quartus;Mary_Mark;Barnabas;Damaris;Sosthenes;Secundus,Thaddaeus;Junia;Nicanor
Discipleship Training — Thyatira,2025-07-13 19:45:00,2025-07-13 21:45:00,Luke,Persis;Secundus,Philemon
Doctrinal Council — Iconium,2025-07-16 10:00:00,2025-07-16 11:30:00,John,Andrew;Onesimus;Caius;Lydia;Crescens;Simon_Zealot;Nymphas;Secundus,Timothy;Bartholomew
Doctrinal Council — Cyprus,2025-07-17 08:00:00,2025-07-17 10:30:00,Secundus,Achaicus;James_Zebedee;Lydia;Tabitha;Timon;Epaphroditus;Cleopas;Erastus;Eutychus,Junia;Peter;Matthias;Titus
Gentile Mission Update — Iconium,2025-07-18 18:00:00,2025-07-18 21:00:00,Mark,Andrew;Hermas,Phoebe;Apollos;Priscilla
Vision Interpretation Session — Antioch,2025-07-18 19:00:00,2025-07-18 20:30:00,Zenas,Justus;Lydia;Parmenas;Trophimus,Tychicus;Philemon
Deacon Selection — Smyrna,2025-07-19 09:20:00,2025-07-19 13:20:00,Matthias,Nicolas;Erastus;Tryphosa;Luke;Aristarchus;Tryphena;Titus;Mary_Rome;Phoebe;Matthew,Peter
Trial Preparation — Berea,2025-07-21 08:45:00,2025-07-21 12:45:00,Thomas,James_Zebedee;Gaius_Derbe;Lucius;Thaddaeus;Timon;Agabus,Paul;Asyncritus;Secundus;Barnabas
Trial Preparation — Berea,2025-07-21 09:00:00,2025-07-21 10:30:00,Andrew,Priscilla;Lydia,Demas;Nicanor;Crescens;Cephas_Disciple
Famine Relief Coordination — Malta,2025-07-22 08:20:00,2025-07-22 12:20:00,Andrew,Stephen;Chloe;Hermas,Secundus;Simon_Zealot;Achaicus;Tryphosa
Prayer Vigil — Patmos,2025-07-22 13:45:00,2025-07-22 14:30:00,Simon_Zealot,James_Zebedee;Nicanor;Secundus;Manaen;James_Alphaeus;Crispus;Quartus;Achaicus;Cornelius,Philemon
Famine Relief Coordination — Troas,2025-07-22 14:15:00,2025-07-22 15:15:00,Paul,Epaphroditus;Stephanas;Caius,Simon_Zealot;Patrobas;Manaen;Cleopas
Healing Ministry Debrief — Iconium,2025-07-22 18:20:00,2025-07-22 19:20:00,Peter,Patrobas;James_Zebedee;Parmenas;Apphia;John;Justus;Mary_Mark;Andrew;Gaius_Macedonia,Cephas_Disciple;Phoebe;Dionysius;Tryphena
Deacon Selection — Malta,2025-07-23 11:00:00,2025-07-23 12:30:00,Hermas,Joseph_Barsabas;Junia;Patrobas;Gaius_Macedonia;Cleopas,Hermes;Achaicus;John;James_Alphaeus
Letter Dictation — Smyrna,2025-07-24 08:45:00,2025-07-24 11:15:00,James_Zebedee,Mark;Tychicus;Agabus;Simon_Zealot;Olympas;Timothy;Justus;Persis,
Gentile Mission Update — Malta,2025-07-24 19:00:00,2025-07-24 20:30:00,James_Alphaeus,Titus;Agabus;Dionysius;Priscilla;Barnabas;Cornelius;Andrew;Carpus;Thaddaeus,Hermes;Demetrius;Crispus
Teaching Schedule Review — Philadelphia,2025-07-25 10:30:00,2025-07-25 13:00:00,Paul,Philemon;Hermes;Andrew;Quartus;Matthew,
Letter Dictation — Lystra,2025-07-25 14:45:00,2025-07-25 16:45:00,Bartholomew,Barnabas;Agabus;Crescens,Sosthenes
Prayer Vigil — Iconium,2025-07-26 11:20:00,2025-07-26 14:20:00,James_Alphaeus,Barnabas;Mary_Rome;Nymphas;Philemon;Aquila;Thomas;Apollos,Luke;Bartholomew;Trophimus
Letter Dictation — Thyatira,2025-07-27 11:15:00,2025-07-27 15:15:00,Matthew,Apphia;Lydia;Thaddaeus;John;Mary_Mark;Parmenas;Hermes,Titus;Zenas;Timothy;Tabitha
Elders Meeting — Ephesus,2025-07-28 08:20:00,2025-07-28 09:20:00,Simon_Zealot,Tryphosa;Sosthenes;Patrobas;Gaius_Macedonia;Trophimus;Rufus;Secundus,
Council of Apostles — Caesarea,2025-07-28 09:30:00,2025-07-28 10:30:00,Quartus,Demas;Achaicus;Lucius;Sosthenes;Matthias;Mary_Mark,Nymphas
Church Planting Review — Tarsus,2025-07-28 10:00:00,2025-07-28 13:00:00,James_Zebedee,Rufus;Gaius_Macedonia;Persis;Tabitha;Luke;Phoebe;Prochorus;Cornelius;Nymphas,
New Convert Catechesis — Miletus,2025-07-28 18:00:00,2025-07-28 20:30:00,Paul,Mark;Simon_Zealot;Secundus;Bartholomew;Carpus;Onesimus;Patrobas,James_Alphaeus;Jason
Shipwreck Recovery Briefing — Athens,2025-07-28 19:15:00,2025-07-28 23:15:00,Matthew,Secundus;Crispus;Persis;Mark;Simon_Zealot;Andronicus;Barnabas,Cornelius;Hermes;Jason
New Convert Catechesis — Antioch,2025-07-29 10:15:00,2025-07-29 11:45:00,Onesiphorus,Demas;Mary_Rome;Fortunatus;Nicolas;Paul;Philip,Cornelius;Erastus;Luke;Barnabas
Collection for the Saints — Jerusalem,2025-07-29 14:00:00,2025-07-29 16:00:00,Paul,Jason;Nymphas,Tryphosa;Phoebe;Parmenas;Achaicus
Missionary Strategy Session — Pergamum,2025-07-29 18:00:00,2025-07-29 20:30:00,John,Aquila;Lucius;Mary_Mark;James_Zebedee,Tabitha
Synagogue Outreach Planning — Philippi,2025-07-29 19:30:00,2025-07-29 21:00:00,Zenas,Demas;Apollos;Lucius,Lydia;Onesiphorus
Hospitality Network Coordination — Corinth,2025-07-31 13:30:00,2025-07-31 14:00:00,James_Zebedee,Stephanas;Dionysius;Philip;Cleopas;Apollos;Patrobas;Hermas,Junia;Demas;Thomas
Teaching Schedule Review — Laodicea,2025-08-01 08:00:00,2025-08-01 09:00:00,Gaius_Derbe,Silas;Phlegon;Phoebe;Cornelius,Timon;Trophimus;Luke;Damaris
Church Planting Review — Berea,2025-08-02 18:00:00,2025-08-02 19:30:00,James_Alphaeus,Philemon;Olympas;Thomas;Jason;Andronicus;Matthias;Demas,Cephas_Disciple;Sosthenes;Prochorus
New Convert Catechesis — Galatia,2025-08-03 09:00:00,2025-08-03 10:30:00,Matthew,Simon_Zealot;Nicanor;Secundus;Nicolas,Phoebe;Apollos
Idol-Meat Controversy — Galatia,2025-08-03 19:00:00,2025-08-03 19:45:00,Philip,Nymphas;Barnabas,Lydia
Council of Apostles — Tarsus,2025-08-05 07:45:00,2025-08-05 09:45:00,Asyncritus,Chloe;John;Crescens;Andrew;Dionysius,Timon;Patrobas;Trophimus;Phoebe
Synagogue Outreach Planning — Samaria,2025-08-05 13:30:00,2025-08-05 14:00:00,Philip_Deacon,Lydia;Jason;Apphia;Sosthenes;Cleopas;Persis;Matthew,
Letter Dictation — Caesarea,2025-08-05 18:00:00,2025-08-05 18:45:00,Philip_Deacon,James_Zebedee;Lucius;Demas;Prochorus,Matthias
Letter Dictation — Caesarea,2025-08-06 10:15:00,2025-08-06 13:15:00,Zenas,Justus;Carpus;Junia;Hermes;Cleopas,Tabitha
Church Planting Review — Laodicea,2025-08-06 16:00:00,2025-08-06 18:00:00,Andrew,Lucius;Rufus;Crispus;Cleopas;Archippus,Onesiphorus;Paul;Cornelius
Trial Preparation — Rome,2025-08-09 08:30:00,2025-08-09 09:00:00,Stephen,Sosthenes;Andrew;Matthias;Tryphena;Phoebe,Philip_Deacon;Persis
Collection for the Saints — Laodicea,2025-08-09 16:30:00,2025-08-09 17:00:00,Philip,Thaddaeus;Simon_Zealot;Asyncritus;Prochorus;Hermas;Luke,Andrew;Achaicus;Erastus;Matthew
Missionary Strategy Session — Galatia,2025-08-10 08:20:00,2025-08-10 10:50:00,Paul,Secundus;Stephanas;Agabus;Manaen;Luke;Persis;Apollos;Nymphas,
Shipwreck Recovery Briefing — Joppa,2025-08-11 14:00:00,2025-08-11 17:00:00,Secundus,Patrobas;Epaphras;Tryphosa;Philip_Deacon;Archippus,Agabus
Council of Apostles — Hierapolis,2025-08-12 15:30:00,2025-08-12 17:00:00,Paul,Timothy;Mark;Nicolas;Agabus;Timon;Lucius;Lydia;Demas;Andronicus,Nicanor;Zenas;Junia
Missionary Strategy Session — Samaria,2025-08-13 09:00:00,2025-08-13 11:30:00,Peter,Archippus;Chloe;Gaius_Derbe;Timothy,
Famine Relief Coordination — Antioch,2025-08-13 13:20:00,2025-08-13 15:50:00,Matthew,Timothy;Bartholomew;Asyncritus;Gaius_Derbe,Crescens;Apollos;Junia;Peter
Persecution Response Briefing — Puteoli,2025-08-14 07:20:00,2025-08-14 07:50:00,Matthias,Quartus;Gaius_Macedonia;Timon;Junia;Nymphas;Justus;Chloe;Crescens,Philip_Deacon;Timothy
Council of Apostles — Ephesus,2025-08-14 10:20:00,2025-08-14 12:20:00,Tychicus,Matthias;Eutychus;Aquila;Joseph_Barsabas;Timon;Philip;James_Zebedee,Apphia;Secundus;Tryphena
Idol-Meat Controversy — Puteoli,2025-08-15 08:20:00,2025-08-15 10:50:00,Carpus,Philip;Patrobas;Bartholomew;Matthew;Epaphroditus;Prochorus;Cephas_Disciple;Archippus;Demetrius,
Synagogue Outreach Planning — Derbe,2025-08-16 09:00:00,2025-08-16 10:30:00,Sosthenes,Agabus;Secundus;Bartholomew;Eutychus;Trophimus;Onesimus,James_Zebedee
Church Planting Review — Tarsus,2025-08-16 10:45:00,2025-08-16 12:15:00,Zenas,Parmenas;Titus;Erastus;Onesimus;John;Gaius_Derbe;Linus,Onesiphorus;Patrobas;Agabus
Letter Dictation — Perga,2025-08-19 08:30:00,2025-08-19 09:15:00,James_Zebedee,Crescens;Secundus;John;Stephen;Carpus;Philip_Deacon,Nicolas
Church Planting Review — Tarsus,2025-08-21 08:00:00,2025-08-21 10:30:00,Paul,Cornelius;Stephen;Phoebe;Manaen;Zenas;Matthias;Mary_Rome;John;Silas;Caius,Barnabas;Onesiphorus;Patrobas
Gentile Mission Update — Hierapolis,2025-08-21 19:20:00,2025-08-21 19:50:00,Paul,Dionysius;Gaius_Macedonia;Lucius;Epaphras;Bartholomew;Andronicus;Andrew;Titus;Fortunatus;Phlegon,Damaris;Matthias;Jason;Lydia
Widow's Care Logistics — Derbe,2025-08-23 09:00:00,2025-08-23 09:45:00,Simon_Zealot,Demas;Archippus,
Letter Dictation — Joppa,2025-08-23 13:00:00,2025-08-23 16:00:00,Matthew,Demas;Titus;Silas;Stephen;Tabitha;Nymphas;Stephanas;Trophimus;Olympas;Achaicus,
Teaching Schedule Review — Perga,2025-08-25 11:45:00,2025-08-25 12:30:00,Rufus,Barnabas;Achaicus,Bartholomew;Parmenas
Doctrinal Council — Sardis,2025-08-25 15:20:00,2025-08-25 16:50:00,Paul,Thomas;Junia;Nicolas;Tabitha;Apphia;Phoebe,Stephen;Tryphosa;Nicanor;Sosthenes
Council of Apostles — Iconium,2025-08-26 14:00:00,2025-08-26 15:30:00,Olympas,Timothy;Apphia,Secundus;James_Zebedee;Crescens;Hermes
Shipwreck Recovery Briefing — Athens,2025-08-26 18:00:00,2025-08-26 18:30:00,Epaphras,Lucius;Priscilla;Timon;Asyncritus;Onesimus;Philip_Deacon,Dionysius
Discipleship Training — Sardis,2025-08-28 14:00:00,2025-08-28 15:00:00,Matthias,Gaius_Derbe;Simon_Zealot;Philip_Deacon;Luke;Secundus;Prochorus;Nicolas;Manaen,Apollos
Healing Ministry Debrief — Ephesus,2025-08-28 15:45:00,2025-08-28 17:45:00,Crescens,Junia;Patrobas,Justus;Joseph_Barsabas;Stephen
Shipwreck Recovery Briefing — Alexandria,2025-08-28 18:00:00,2025-08-28 19:00:00,Thaddaeus,Onesimus;Junia,Apphia;Thomas;Apollos;Jason
Letter Dictation — Cyprus,2025-08-29 15:00:00,2025-08-29 15:30:00,Matthew,Tabitha;Thomas;Philip_Deacon,Tryphosa;Hermes
Vision Interpretation Session — Antioch,2025-08-29 16:30:00,2025-08-29 18:00:00,Paul,Carpus;Fortunatus,Onesiphorus;Hermes
Doctrinal Council — Jerusalem,2025-08-31 08:15:00,2025-08-31 09:15:00,Sosthenes,Paul;Lydia,Eutychus;Luke
Healing Ministry Debrief — Hierapolis,2025-08-31 16:30:00,2025-08-31 18:00:00,James_Alphaeus,Cleopas;Aquila;Epaphras;Tychicus;Apphia;Matthias;Olympas;Thaddaeus,
Letter Dictation — Perga,2025-09-01 08:00:00,2025-09-01 11:00:00,Andrew,Nicanor;Erastus;Fortunatus;Jason;Thomas;Junia;Barnabas;Asyncritus,
Famine Relief Coordination — Lystra,2025-09-01 10:45:00,2025-09-01 13:15:00,Matthias,Titus;Timothy;Cephas_Disciple;Aquila;Phoebe;Mary_Rome;James_Zebedee,Onesimus
Famine Relief Coordination — Pergamum,2025-09-01 11:30:00,2025-09-01 12:15:00,James_Alphaeus,Eutychus;Titus;Paul;Matthew,Tryphena;Olympas;Lucius
Council of Apostles — Berea,2025-09-01 15:20:00,2025-09-01 16:50:00,Rufus,Junia;Prochorus,Trophimus;Lucius;Archippus;Asyncritus
Council of Apostles — Joppa,2025-09-01 16:15:00,2025-09-01 17:45:00,Onesiphorus,Jason;Priscilla;Nymphas;Tryphosa;Asyncritus;Apollos,Phoebe;Titus;Trophimus;Demetrius
Synagogue Outreach Planning — Corinth,2025-09-03 07:00:00,2025-09-03 09:30:00,Paul,Gaius_Derbe;Linus;Justus;Fortunatus;Timon;Demas;Philip_Deacon;Epaphroditus;Hermes,Eutychus
Discipleship Training — Crete,2025-09-04 09:20:00,2025-09-04 09:50:00,Linus,Hermas;Priscilla,Titus;Prochorus
Farewell Address — Colossae,2025-09-04 11:00:00,2025-09-04 12:30:00,Gaius_Derbe,Sosthenes;Archippus;Lucius,
Teaching Schedule Review — Puteoli,2025-09-04 14:30:00,2025-09-04 18:30:00,Peter,Zenas;Matthew;Apollos,
Deacon Selection — Malta,2025-09-06 10:00:00,2025-09-06 10:30:00,Hermes,Caius;Priscilla;Gaius_Derbe;Onesiphorus;Parmenas;Nicanor;Hermas;Matthias;Mary_Mark;Fortunatus,
Synagogue Outreach Planning — Caesarea,2025-09-08 15:00:00,2025-09-08 16:30:00,Nicanor,Mary_Rome;Olympas,
Sabbath Teaching Plan — Alexandria,2025-09-09 18:00:00,2025-09-09 18:30:00,Matthias,Nymphas;Tabitha;Sopater;Philemon;Tryphena;Dionysius;Priscilla;Stephanas;Eutychus,Bartholomew
Sabbath Teaching Plan — Athens,2025-09-10 09:15:00,2025-09-10 10:00:00,Luke,Mary_Rome;Phoebe;Phlegon;Prochorus,
Collection for the Saints — Thessalonica,2025-09-10 10:30:00,2025-09-10 13:00:00,Thomas,Silas;Phlegon;Simon_Zealot;Philemon;Cephas_Disciple;Sopater,Asyncritus;Luke;Secundus
Letter Dictation — Colossae,2025-09-10 18:00:00,2025-09-10 22:00:00,Simon_Zealot,Lucius;Archippus,Andrew
Persecution Response Briefing — Thyatira,2025-09-12 13:30:00,2025-09-12 17:30:00,Peter,Stephanas;Gaius_Macedonia;Rufus;Priscilla;Linus;Paul;Achaicus,Andrew;Nymphas
Gentile Mission Update — Antioch,2025-09-14 09:20:00,2025-09-14 10:05:00,Paul,Phlegon;Barnabas;Peter;Tryphosa,Andronicus;Olympas;Gaius_Macedonia
New Convert Catechesis — Berea,2025-09-14 10:15:00,2025-09-14 11:15:00,Epaphras,Priscilla;James_Zebedee;Barnabas,
Gentile Mission Update — Tarsus,2025-09-14 14:45:00,2025-09-14 15:15:00,Rufus,Damaris;Quartus;Epaphras;Hermes,
Shipwreck Recovery Briefing — Corinth,2025-09-16 15:20:00,2025-09-16 16:50:00,Philip,John;Onesiphorus;Trophimus;Rufus;Paul;Zenas;Cephas_Disciple;Mark;Aquila,Erastus;Cornelius;Thomas
Prayer Vigil — Antioch,2025-09-16 16:00:00,2025-09-16 18:30:00,Cephas_Disciple,Sopater;Persis;Chloe;Gaius_Macedonia;Paul,
Lord's Supper Preparation — Lystra,2025-09-17 11:15:00,2025-09-17 12:15:00,Thaddaeus,Carpus;Junia;Gaius_Macedonia;Dionysius,
Baptism Service Coordination — Thessalonica,2025-09-17 15:30:00,2025-09-17 17:30:00,Zenas,John;Simon_Zealot;Apphia;Andrew,Mark
Famine Relief Coordination — Iconium,2025-09-18 09:30:00,2025-09-18 10:30:00,Paul,Justus;Aristarchus;Simon_Zealot;Sopater;Nicanor;Tryphena;Prochorus;Persis,
New Convert Catechesis — Miletus,2025-09-18 10:15:00,2025-09-18 11:00:00,Paul,Thaddaeus;Prochorus;Demetrius;Silas;Titus;Quartus;Linus,Cephas_Disciple;Hermas;Carpus;Apphia
Doctrinal Council — Rome,2025-09-18 16:30:00,2025-09-18 17:00:00,James_Alphaeus,Tychicus;Secundus;Nymphas;Persis,
Trial Preparation — Lystra,2025-09-19 08:00:00,2025-09-19 09:00:00,Sosthenes,Cephas_Disciple;Onesiphorus;James_Alphaeus;Tryphena;Onesimus;Joseph_Barsabas;Mary_Mark;Stephen,Quartus;Eutychus;Agabus
Scribal Workshop — Caesarea,2025-09-19 10:00:00,2025-09-19 11:00:00,Matthias,Silas;Aquila;Eutychus;Damaris;Philip_Deacon,Gaius_Macedonia;Cleopas
Collection for the Saints — Samaria,2025-09-20 09:20:00,2025-09-20 11:50:00,Luke,Patrobas;Achaicus;Onesimus,Zenas;Aquila
Healing Ministry Debrief — Galatia,2025-09-20 09:45:00,2025-09-20 10:30:00,Paul,Luke;Dionysius;Rufus;Quartus;Priscilla;Sosthenes;Manaen;Philemon;Simon_Zealot;Tryphena,Zenas;Phlegon
Persecution Response Briefing — Samaria,2025-09-20 13:00:00,2025-09-20 16:00:00,Apollos,Thomas;Stephanas;Junia;Joseph_Barsabas;Mary_Mark;Agabus;Andrew;Prochorus;Nymphas;Tryphena,Caius;James_Zebedee;Asyncritus;Zenas
Council of Apostles — Samaria,2025-09-21 09:00:00,2025-09-21 09:45:00,Gaius_Derbe,Chloe;Matthias;Junia;Joseph_Barsabas;Titus;Mark;Aristarchus;Rufus,Mary_Rome;Crispus;Timothy
Church Planting Review — Malta,2025-09-22 10:15:00,2025-09-22 11:45:00,James_Zebedee,Eutychus;Priscilla,
Famine Relief Coordination — Derbe,2025-09-23 08:00:00,2025-09-23 09:30:00,Asyncritus,Carpus;Paul,Aquila;Olympas
Council of Apostles — Ephesus,2025-09-23 13:30:00,2025-09-23 14:15:00,Nicolas,Sopater;Cephas_Disciple;Onesiphorus;Asyncritus;Peter;Luke;Lucius,John
Widow's Care Logistics — Ephesus,2025-09-24 14:20:00,2025-09-24 15:20:00,Philip,Patrobas;Junia;Zenas;Matthias;Crispus;Damaris;Aquila,
Idol-Meat Controversy — Ephesus,2025-09-24 18:30:00,2025-09-24 21:30:00,Paul,Epaphroditus;James_Alphaeus;Crispus;Philip_Deacon,Eutychus;Onesiphorus
Apostolic Letter Review — Cyprus,2025-09-25 09:30:00,2025-09-25 11:00:00,Trophimus,Tryphena;Achaicus;Olympas;Parmenas;John;Timon;Junia,
Prayer Vigil — Cyprus,2025-09-25 14:30:00,2025-09-25 18:30:00,James_Zebedee,Lydia;Thomas;Manaen;Crescens,
Deacon Selection — Hierapolis,2025-09-26 10:30:00,2025-09-26 14:30:00,Paul,Gaius_Derbe;Apphia,
Apostolic Letter Review — Sardis,2025-09-26 13:15:00,2025-09-26 16:15:00,Paul,Phoebe;James_Alphaeus,Silas
Apostolic Letter Review — Rome,2025-09-28 10:00:00,2025-09-28 12:30:00,Sopater,Epaphroditus;Damaris;Titus;Crispus,
Scribal Workshop — Jerusalem,2025-09-28 11:20:00,2025-09-28 12:50:00,John,Barnabas;Nymphas;Phoebe;Erastus,Joseph_Barsabas;Sopater;Aristarchus;Demas
Baptism Service Coordination — Caesarea,2025-09-28 14:00:00,2025-09-28 14:30:00,Matthias,Nicolas;Silas;Hermes,Sopater;Onesiphorus
Breaking of Bread — Perga,2025-09-29 15:20:00,2025-09-29 17:20:00,Timon,Cleopas;Tychicus,Luke;Junia;Demas;Olympas
Church Planting Review — Alexandria,2025-09-30 09:00:00,2025-09-30 11:00:00,Thomas,Gaius_Derbe;Sosthenes;Damaris;Sopater,
Missionary Strategy Session — Rome,2025-09-30 09:00:00,2025-09-30 10:00:00,Apollos,Lydia;Manaen;Tryphosa;Peter;Justus;Zenas,
Shipwreck Recovery Briefing — Derbe,2025-09-30 09:15:00,2025-09-30 12:15:00,John,Gaius_Derbe;Fortunatus;Aristarchus;Luke;Matthias;Asyncritus,Nymphas
Doctrinal Council — Galatia,2025-09-30 11:30:00,2025-09-30 12:30:00,Matthias,Priscilla;Tryphena;Andrew;Peter;Onesiphorus;Prochorus,
Lord's Supper Preparation — Rome,2025-09-30 18:30:00,2025-09-30 20:30:00,Paul,Tryphena;Patrobas;Onesimus,
Persecution Response Briefing — Joppa,2025-10-01 07:00:00,2025-10-01 09:30:00,Thomas,Timon;Paul;Cleopas;Chloe,Fortunatus
Idol-Meat Controversy — Caesarea,2025-10-01 09:00:00,2025-10-01 09:45:00,James_Alphaeus,Cleopas;Carpus;Justus;Gaius_Macedonia;Hermes;Barnabas;Rufus;Damaris;Stephen,
Church Planting Review — Thessalonica,2025-10-01 10:00:00,2025-10-01 11:00:00,Crescens,Parmenas;Philip;Demetrius;Fortunatus;Justus;Rufus;Patrobas,
Famine Relief Coordination — Smyrna,2025-10-01 10:00:00,2025-10-01 13:00:00,James_Zebedee,Silas;Lydia;Junia;Quartus,Philip;Tabitha;Nicolas
Church Planting Review — Crete,2025-10-01 10:45:00,2025-10-01 12:15:00,Carpus,Sosthenes;Caius;Thomas;Luke;Lucius;Onesiphorus;Jason,Mark
Hospitality Network Coordination — Ephesus,2025-10-03 13:00:00,2025-10-03 14:00:00,Nicanor,Justus;Lucius;James_Zebedee;Joseph_Barsabas,
Lord's Supper Preparation — Sardis,2025-10-04 09:45:00,2025-10-04 10:45:00,Philip_Deacon,Silas;Bartholomew;Junia;Rufus;Stephanas;Gaius_Macedonia;Phlegon,Justus;Achaicus;Andrew
Deacon Selection — Rome,2025-10-05 08:15:00,2025-10-05 09:15:00,Philip,Asyncritus;Titus;Carpus;Fortunatus;Mark;Erastus;Trophimus;Persis,Thaddaeus
Gentile Mission Update — Sardis,2025-10-05 08:20:00,2025-10-05 11:20:00,Mark,Damaris;Aristarchus;Persis;Barnabas;Cornelius;Onesimus;James_Alphaeus;Hermas,Crescens
Apostolic Letter Review — Samaria,2025-10-05 09:30:00,2025-10-05 12:00:00,Aristarchus,Tryphena;Sosthenes;Simon_Zealot;Eutychus;Sopater;Philemon;Apphia;Joseph_Barsabas,Epaphroditus
Farewell Address — Derbe,2025-10-06 07:20:00,2025-10-06 08:20:00,Onesiphorus,Parmenas;Aquila;Matthew;Crescens;Apollos;Quartus;Nicolas;Matthias;Philip_Deacon,Bartholomew;Jason;Cleopas;Patrobas
Idol-Meat Controversy — Philadelphia,2025-10-06 10:45:00,2025-10-06 11:45:00,Simon_Zealot,Andrew;Justus;Stephen;Cleopas,Phlegon
Idol-Meat Controversy — Tarsus,2025-10-07 09:00:00,2025-10-07 10:00:00,Epaphroditus,Titus;Hermas;Apollos;Philemon;James_Alphaeus;Patrobas;Joseph_Barsabas;Demetrius;Mary_Mark;Tabitha,
Famine Relief Coordination — Samaria,2025-10-08 18:00:00,2025-10-08 19:30:00,Apollos,Epaphras;Onesiphorus;Hermas;Tryphosa;Matthew;Demetrius;Aquila;Secundus,Paul;Luke;James_Zebedee
Apostolic Letter Review — Philadelphia,2025-10-09 10:00:00,2025-10-09 14:00:00,Tychicus,Cleopas;Onesimus;Cornelius,Demetrius;Phoebe;Asyncritus;Crispus
Council of Apostles — Alexandria,2025-10-10 10:00:00,2025-10-10 12:30:00,Caius,Jason;Tabitha;Priscilla;Matthias;Cornelius;Rufus;Nicolas;Nicanor;Aristarchus;Junia,
Teaching Schedule Review — Berea,2025-10-10 19:45:00,2025-10-10 22:15:00,Bartholomew,Manaen;Chloe;Carpus;Dionysius;Gaius_Macedonia;Olympas;Gaius_Derbe;Hermes,James_Alphaeus;James_Zebedee
Widow's Care Logistics — Perga,2025-10-11 10:20:00,2025-10-11 11:20:00,Gaius_Derbe,Andrew;Apphia;Justus;Philip;Nymphas;Thomas;Demetrius,Trophimus;Sopater
New Convert Catechesis — Alexandria,2025-10-11 18:45:00,2025-10-11 20:15:00,Matthew,Secundus;Timothy;Tryphena;Phoebe;Phlegon,
Breaking of Bread — Corinth,2025-10-12 10:30:00,2025-10-12 11:30:00,Thaddaeus,Asyncritus;Tabitha,Agabus
Hospitality Network Coordination — Berea,2025-10-12 19:45:00,2025-10-12 20:45:00,Matthew,Gaius_Derbe;Cephas_Disciple,Phoebe;Tychicus
Doctrinal Council — Laodicea,2025-10-13 09:30:00,2025-10-13 10:15:00,Paul,Hermas;Eutychus;Bartholomew,James_Alphaeus;Erastus;Demetrius;Mark
Council of Apostles — Pergamum,2025-10-13 11:45:00,2025-10-13 12:15:00,Aristarchus,Priscilla;Silas,Secundus;Prochorus
Council of Apostles — Thessalonica,2025-10-13 19:00:00,2025-10-13 20:00:00,James_Alphaeus,Silas;Zenas;Cleopas;Dionysius;Philip;Crispus;Joseph_Barsabas;Manaen;Paul;Eutychus,Hermas;Onesimus;Tabitha
Deacon Selection — Cyprus,2025-10-14 08:00:00,2025-10-14 10:00:00,Thomas,Carpus;Sosthenes,
Persecution Response Briefing — Perga,2025-10-14 09:00:00,2025-10-14 09:45:00,Philip,Epaphroditus;Nicanor;Epaphras;Titus;Manaen,Jason;Damaris;Eutychus;Gaius_Derbe
Lord's Supper Preparation — Laodicea,2025-10-14 09:30:00,2025-10-14 10:00:00,Bartholomew,Jason;Demetrius;Simon_Zealot;Caius;Manaen;Silas,Chloe;Timon;Onesiphorus;Thaddaeus
Letter Dictation — Laodicea,2025-10-14 14:00:00,2025-10-14 16:30:00,Barnabas,Paul;Eutychus,Damaris
Healing Ministry Debrief — Colossae,2025-10-15 09:00:00,2025-10-15 11:30:00,Timon,Apollos;Andrew;Carpus;Olympas;Parmenas;Trophimus;Matthew,Tryphosa;Manaen;Dionysius
Shipwreck Recovery Briefing — Athens,2025-10-15 16:00:00,2025-10-15 17:00:00,Paul,Nymphas;Mark;Tryphena;Crispus;Aquila;Olympas;Phlegon;Persis;Hermes;Erastus,Lydia;Cornelius
Widow's Care Logistics — Iconium,2025-10-16 13:00:00,2025-10-16 13:45:00,John,Lydia;Crispus;Asyncritus;Aquila;Crescens;Persis;Silas;Jason,Mary_Mark;Apollos
Famine Relief Coordination — Thessalonica,2025-10-16 13:45:00,2025-10-16 15:15:00,Parmenas,Philip_Deacon;Cornelius;Matthew;Timon;Gaius_Macedonia;Persis;Asyncritus;James_Zebedee;Epaphroditus,Trophimus;Agabus
Discipleship Training — Smyrna,2025-10-16 14:00:00,2025-10-16 15:30:00,Paul,Phoebe;Rufus;Caius;Andronicus;Cleopas,Prochorus;Onesiphorus
Baptism Service Coordination — Crete,2025-10-17 09:15:00,2025-10-17 10:15:00,Nicanor,Rufus;Achaicus;Manaen;Mary_Rome;Tabitha;Crescens;James_Zebedee;Peter;Barnabas,
Discipleship Training — Puteoli,2025-10-17 09:30:00,2025-10-17 12:00:00,Matthias,Lydia;Mary_Rome;Andrew;Matthew;Aristarchus,Stephanas;Patrobas;Olympas;Junia
Council of Apostles — Thyatira,2025-10-18 09:00:00,2025-10-18 09:45:00,Bartholomew,Onesimus;Demas;Dionysius,Mark;Carpus;Stephanas;Matthew
Doctrinal Council — Laodicea,2025-10-18 09:30:00,2025-10-18 12:30:00,Paul,Tychicus;Stephen,Andrew
Hospitality Network Coordination — Patmos,2025-10-18 10:30:00,2025-10-18 12:00:00,Olympas,Junia;Zenas;Stephen;Phlegon,Persis;Dionysius;Apollos
Hospitality Network Coordination — Alexandria,2025-10-19 08:30:00,2025-10-19 09:30:00,Paul,Dionysius;Gaius_Derbe;Hermes;Silas;Apphia;Prochorus;Stephen;Junia;Nymphas;James_Alphaeus,Matthew
Elders Meeting — Tarsus,2025-10-19 09:00:00,2025-10-19 11:00:00,Onesimus,Mary_Rome;Eutychus;Joseph_Barsabas;Damaris;Sosthenes;Tryphosa;Onesiphorus,Phoebe;Prochorus
Breaking of Bread — Samaria,2025-10-19 19:30:00,2025-10-19 20:30:00,Caius,Justus;Titus;Damaris;Cleopas;Lydia;Demas;Persis;Phoebe,Onesiphorus;Quartus;Epaphras
Teaching Schedule Review — Samaria,2025-10-20 09:20:00,2025-10-20 10:20:00,Nicanor,Hermas;Philemon;Mark;Andrew;James_Zebedee;Tryphosa,Eutychus;Gaius_Derbe;Tychicus;Hermes
Apostolic Letter Review — Perga,2025-10-20 16:00:00,2025-10-20 16:30:00,Sosthenes,Prochorus;Thomas;Archippus;Phoebe;Rufus;Fortunatus;Peter;Lydia;Hermas;Zenas,Nymphas;Philemon
Vision Interpretation Session — Colossae,2025-10-20 19:45:00,2025-10-20 20:45:00,Thaddaeus,Nicanor;James_Zebedee;Tabitha;Eutychus;Cephas_Disciple,
Vision Interpretation Session — Malta,2025-10-22 08:20:00,2025-10-22 09:05:00,Andrew,Secundus;Priscilla;Cephas_Disciple;Dionysius,Andronicus;Patrobas;Olympas;Demetrius
Scribal Workshop — Philippi,2025-10-22 09:00:00,2025-10-22 13:00:00,James_Alphaeus,Stephanas;Epaphras;Junia;Secundus,Apollos;Andrew
Lord's Supper Preparation — Derbe,2025-10-22 10:15:00,2025-10-22 11:45:00,James_Alphaeus,Secundus;Thomas;Simon_Zealot;Erastus;Linus;Phoebe;Lucius;Agabus;Andronicus;Nicanor,Persis;Dionysius;Hermes
Church Planting Review — Caesarea,2025-10-22 11:00:00,2025-10-22 11:45:00,James_Zebedee,Olympas;Justus;Demetrius;Crispus;Thomas,Peter;Tychicus;Junia
Council of Apostles — Caesarea,2025-10-22 14:45:00,2025-10-22 15:15:00,Caius,Apphia;Timon;Peter;Epaphroditus,Cephas_Disciple;Nymphas;Hermes
Gentile Mission Update — Samaria,2025-10-24 08:30:00,2025-10-24 10:00:00,Paul,Parmenas;Cornelius;Mary_Rome;Sosthenes;Lucius;Onesiphorus;Archippus;Fortunatus,Caius
Baptism Service Coordination — Rome,2025-10-26 08:45:00,2025-10-26 11:15:00,Epaphras,Agabus;Tychicus;Tryphosa;Hermas;Andrew;Philip;Priscilla;Prochorus;Onesimus,Demas;Olympas;Titus
Doctrinal Council — Thyatira,2025-10-26 09:30:00,2025-10-26 11:30:00,Thomas,Matthew;Tabitha;James_Zebedee;Matthias;Philemon,Manaen;Epaphroditus;Quartus;Titus
Synagogue Outreach Planning — Philippi,2025-10-26 10:00:00,2025-10-26 10:30:00,Paul,Barnabas;Carpus;Cephas_Disciple;Apphia;Philip;Zenas,Philemon
Widow's Care Logistics — Malta,2025-10-26 15:30:00,2025-10-26 18:00:00,Paul,Lydia;Philip_Deacon;Nicanor;Trophimus;Lucius;Manaen,Aristarchus
Discipleship Training — Corinth,2025-10-27 09:45:00,2025-10-27 13:45:00,Bartholomew,Phlegon;Simon_Zealot,Parmenas;James_Alphaeus;Lydia
Missionary Strategy Session — Puteoli,2025-10-27 15:00:00,2025-10-27 15:45:00,Epaphroditus,Linus;Erastus;Crispus;Carpus;Luke;John;Prochorus;Tabitha;Quartus,
Healing Ministry Debrief — Lystra,2025-10-28 07:00:00,2025-10-28 07:45:00,Paul,Bartholomew;Onesiphorus;Philip;Nymphas,Gaius_Macedonia;Luke;Crispus
Baptism Service Coordination — Lystra,2025-10-28 07:15:00,2025-10-28 09:45:00,Paul,Sopater;Erastus;Timothy;Quartus,
Council of Apostles — Crete,2025-10-28 08:30:00,2025-10-28 10:30:00,Caius,Epaphras;Crescens;Tychicus;Philip_Deacon;Jason;Thaddaeus;Hermas;Chloe;Joseph_Barsabas;Fortunatus,Priscilla;Parmenas;Carpus
Doctrinal Council — Thessalonica,2025-10-28 09:30:00,2025-10-28 13:30:00,Matthew,Timothy;Asyncritus;Phoebe;Gaius_Derbe,
Idol-Meat Controversy — Crete,2025-10-28 13:30:00,2025-10-28 15:00:00,James_Alphaeus,Simon_Zealot;Jason;Mary_Mark;Parmenas;Nicanor;Secundus;Patrobas;Andronicus,Lydia;Chloe;Epaphras;Gaius_Macedonia
Deacon Selection — Iconium,2025-10-30 09:30:00,2025-10-30 11:30:00,James_Zebedee,Chloe;Sosthenes;Lydia;Paul,Sopater;Hermas;Luke
Teaching Schedule Review — Thyatira,2025-10-31 08:15:00,2025-10-31 09:00:00,James_Zebedee,Barnabas;Apollos;Hermas;Cornelius;Andronicus;Asyncritus;Hermes;Nicolas;Stephen,Chloe;Parmenas;Zenas;Matthew
Lord's Supper Preparation — Miletus,2025-10-31 14:00:00,2025-10-31 17:00:00,Thomas,Demetrius;Philip_Deacon;Bartholomew;Aquila;Lydia;Prochorus;Dionysius;Mary_Rome;Matthew;Agabus,Parmenas;Sosthenes;Barnabas;Zenas
Elders Meeting — Joppa,2025-11-02 09:30:00,2025-11-02 12:00:00,Onesimus,Cornelius;Hermas;Rufus;Olympas,
New Convert Catechesis — Puteoli,2025-11-03 13:00:00,2025-11-03 14:30:00,John,Demas;Mary_Mark;Fortunatus;Patrobas;Timothy;Olympas;Jason;Luke;Matthew,Demetrius;Hermes;Philemon
Synagogue Outreach Planning — Lystra,2025-11-03 16:30:00,2025-11-03 17:00:00,Timon,Philemon;Sosthenes;Gaius_Derbe;Trophimus;James_Alphaeus,
Gentile Mission Update — Hierapolis,2025-11-05 14:45:00,2025-11-05 15:45:00,Asyncritus,Titus;Mary_Mark;Nymphas,Paul;Onesimus
Farewell Address — Crete,2025-11-06 10:30:00,2025-11-06 12:30:00,Bartholomew,Stephen;Peter;Lydia;Epaphroditus;Parmenas;James_Zebedee;Justus,Barnabas;Fortunatus
Widow's Care Logistics — Joppa,2025-11-06 11:00:00,2025-11-06 13:30:00,Paul,Apphia;Lucius;Philip_Deacon;Nicolas;Tryphosa;Priscilla;Caius;Dionysius,Prochorus
Shipwreck Recovery Briefing — Lystra,2025-11-06 16:30:00,2025-11-06 20:30:00,Tychicus,Nymphas;Demetrius;Simon_Zealot;Fortunatus;Lucius,Prochorus
Hospitality Network Coordination — Cyprus,2025-11-06 18:00:00,2025-11-06 20:30:00,Caius,Epaphras;Crescens;Parmenas;Dionysius;Tychicus;Quartus;Onesiphorus;Cleopas;Demetrius,Carpus;Erastus;Demas
Church Planting Review — Jerusalem,2025-11-06 18:20:00,2025-11-06 19:20:00,Paul,Trophimus;Carpus;Linus;Eutychus;Caius;Achaicus,Tryphosa;Rufus;Matthew;Mark
Doctrinal Council — Patmos,2025-11-07 07:15:00,2025-11-07 08:15:00,Hermes,Paul;Cephas_Disciple;Agabus;Mary_Mark;Quartus;Chloe;Cleopas;Aquila;Gaius_Macedonia;Stephen,
Persecution Response Briefing — Puteoli,2025-11-08 14:15:00,2025-11-08 18:15:00,Simon_Zealot,Quartus;Phoebe;Onesiphorus;Peter;Philip;Gaius_Derbe;Crispus;Andrew;Junia;Parmenas,Hermas;John
Prayer Vigil — Samaria,2025-11-08 14:20:00,2025-11-08 15:20:00,James_Alphaeus,Carpus;Fortunatus;Crescens;Andrew,James_Zebedee;Chloe;Gaius_Macedonia
Vision Interpretation Session — Thessalonica,2025-11-08 14:45:00,2025-11-08 15:30:00,Paul,Thaddaeus;Bartholomew;Titus;Timon;Mary_Mark;Caius;Phoebe;Simon_Zealot,
Elders Meeting — Pergamum,2025-11-09 08:00:00,2025-11-09 09:30:00,Apollos,Mary_Rome;Crescens;Lucius;Tychicus;Hermas,
New Convert Catechesis — Laodicea,2025-11-09 09:00:00,2025-11-09 10:00:00,Luke,Demas;Agabus;Onesimus;Philip_Deacon;Sopater,Bartholomew;Patrobas;Lucius
Letter Dictation — Lystra,2025-11-09 09:30:00,2025-11-09 10:15:00,Peter,Zenas;Erastus;Nymphas;Luke;Andronicus;Damaris,Lydia;Simon_Zealot;Nicanor
Prayer Vigil — Samaria,2025-11-09 10:15:00,2025-11-09 13:15:00,Jason,Mark;Apollos;Zenas;Titus;Luke;Justus;Rufus;Secundus;Fortunatus,Agabus;Caius
Farewell Address — Hierapolis,2025-11-10 08:00:00,2025-11-10 08:45:00,Erastus,Apollos;Titus;Patrobas;Gaius_Macedonia;Epaphroditus,
Elders Meeting — Rome,2025-11-10 09:00:00,2025-11-10 09:30:00,Paul,Philip;Fortunatus;Apphia;Onesimus;Nymphas,
Persecution Response Briefing — Samaria,2025-11-12 09:00:00,2025-11-12 10:30:00,Matthias,Demas;Sopater;Stephanas;Nymphas,Justus
Widow's Care Logistics — Crete,2025-11-12 19:30:00,2025-11-12 20:30:00,Paul,Apollos;Crescens;Philip;Silas,John
Deacon Selection — Philippi,2025-11-13 13:45:00,2025-11-13 14:45:00,Sopater,Parmenas;Sosthenes;Cephas_Disciple;Apollos;Archippus;John;Quartus;Fortunatus;Stephen,Mark;Priscilla
Missionary Strategy Session — Athens,2025-11-14 08:45:00,2025-11-14 10:15:00,Aristarchus,Onesiphorus;Aquila;Junia;Nymphas;Gaius_Macedonia;Matthias;Prochorus;Parmenas;Epaphroditus,
Widow's Care Logistics — Alexandria,2025-11-14 10:00:00,2025-11-14 12:00:00,John,Secundus;Andrew;Titus;Aristarchus;Hermes;Priscilla;Achaicus;Crescens;Chloe,Mark;Apphia;Peter
Apostolic Letter Review — Jerusalem,2025-11-14 10:30:00,2025-11-14 11:00:00,John,Demetrius;Tabitha;Lucius;Simon_Zealot,Paul;Fortunatus
Missionary Strategy Session — Perga,2025-11-16 15:20:00,2025-11-16 17:50:00,Andrew,Nicanor;Lucius;Apphia,
New Convert Catechesis — Malta,2025-11-16 18:15:00,2025-11-16 20:15:00,Matthew,Onesiphorus;Dionysius;Fortunatus;Crispus;Tryphena;Andronicus;Apphia;Philip,Persis;Prochorus
Baptism Service Coordination — Caesarea,2025-11-17 10:00:00,2025-11-17 12:00:00,Stephen,Tryphosa;Stephanas,Barnabas;Hermes
Prayer Vigil — Thessalonica,2025-11-17 10:30:00,2025-11-17 11:30:00,Peter,Tryphosa;Timon;Cephas_Disciple;Archippus;Parmenas;Achaicus;Sosthenes,Barnabas;Hermas;Stephanas
Famine Relief Coordination — Smyrna,2025-11-18 08:15:00,2025-11-18 10:45:00,Paul,Titus;Timothy;Parmenas;Chloe;Crispus;Thaddaeus,Mark
Hospitality Network Coordination — Smyrna,2025-11-18 10:00:00,2025-11-18 11:30:00,Prochorus,Linus;Timothy;Aquila;Apphia,Andrew;Jason;Apollos
Vision Interpretation Session — Iconium,2025-11-18 18:00:00,2025-11-18 18:45:00,Stephen,Tychicus;Prochorus;Phlegon;Matthew;Timon;Manaen;Secundus;Quartus,Lucius
Farewell Address — Malta,2025-11-19 18:30:00,2025-11-19 20:00:00,Onesiphorus,Zenas;Luke;Damaris;Priscilla,Cornelius;Epaphroditus;Joseph_Barsabas
Persecution Response Briefing — Berea,2025-11-20 08:00:00,2025-11-20 10:00:00,Patrobas,Linus;Demas;Lucius;Philemon;Erastus;Bartholomew;Archippus;Onesimus,Lydia;Aristarchus
Deacon Selection — Derbe,2025-11-20 19:00:00,2025-11-20 21:30:00,Sopater,Barnabas;Gaius_Derbe;Joseph_Barsabas;Mary_Mark;Linus;Aquila;Crescens;Agabus,
Church Planting Review — Hierapolis,2025-11-21 10:00:00,2025-11-21 12:30:00,Paul,Dionysius;Lydia;Cleopas;Onesimus,Carpus
New Convert Catechesis — Pergamum,2025-11-21 14:00:00,2025-11-21 15:30:00,James_Alphaeus,Cephas_Disciple;Thaddaeus;Damaris;Patrobas;Bartholomew;Demas;Gaius_Macedonia;Quartus;Thomas;Prochorus,Aquila;Timothy;Andronicus;Matthew
Missionary Strategy Session — Philippi,2025-11-21 14:45:00,2025-11-21 15:15:00,Paul,Onesimus;Thomas,
Prayer Vigil — Iconium,2025-11-22 10:45:00,2025-11-22 14:45:00,Paul,Prochorus;Hermes;Epaphras;Stephen;Zenas;Silas;Sosthenes,Priscilla
Healing Ministry Debrief — Berea,2025-11-24 09:30:00,2025-11-24 10:30:00,James_Alphaeus,Nicanor;Joseph_Barsabas;Phlegon;Nicolas;James_Zebedee;Silas;Rufus;Aquila;Philemon;Secundus,Cleopas;Crescens;Prochorus;Barnabas
New Convert Catechesis — Thyatira,2025-11-25 14:00:00,2025-11-25 15:30:00,Paul,Barnabas;Apphia;Quartus;Patrobas;Parmenas;Nicanor;Sosthenes;Aquila;Timothy,
Discipleship Training — Damascus,2025-11-25 18:20:00,2025-11-25 19:05:00,Simon_Zealot,Andrew;Manaen;Barnabas;Archippus;Philemon;Peter,Thomas;Silas;Jason
Farewell Address — Sardis,2025-11-26 07:15:00,2025-11-26 08:15:00,John,Patrobas;Carpus;Cephas_Disciple;Epaphroditus;Joseph_Barsabas,Peter;Onesiphorus;Andrew
Scribal Workshop — Tarsus,2025-11-26 10:00:00,2025-11-26 10:30:00,Jason,Epaphroditus;Timothy;Onesiphorus;Erastus;Onesimus;Lucius;Asyncritus,Apphia;Simon_Zealot;Lydia
Doctrinal Council — Smyrna,2025-11-27 08:00:00,2025-11-27 08:45:00,Bartholomew,Nymphas;Crispus;Fortunatus;Mary_Rome;Cleopas;Lydia,Damaris;Erastus;Philip;Paul
Idol-Meat Controversy — Athens,2025-11-27 09:20:00,2025-11-27 10:20:00,Secundus,Epaphras;Philip_Deacon;Matthew;Phlegon,Justus
Shipwreck Recovery Briefing — Perga,2025-11-28 08:45:00,2025-11-28 09:15:00,Phlegon,Bartholomew;Dionysius;Tychicus;Andronicus;Matthew;Simon_Zealot;Jason;Cephas_Disciple,Fortunatus;Prochorus
Discipleship Training — Rome,2025-11-28 10:30:00,2025-11-28 11:30:00,Andrew,John;Hermas;Apollos;Demetrius;Simon_Zealot;Crescens;Stephen;Luke,
New Convert Catechesis — Rome,2025-11-28 11:30:00,2025-11-28 12:30:00,Peter,Aquila;Dionysius;Lucius,Hermes
Scribal Workshop — Colossae,2025-11-28 14:30:00,2025-11-28 16:00:00,Thomas,Demetrius;Parmenas;Tryphena;Philemon;Lucius;Paul;Patrobas;Crescens;Fortunatus,
Hospitality Network Coordination — Alexandria,2025-11-28 18:30:00,2025-11-28 20:00:00,Matthew,Philemon;Olympas;Priscilla,Eutychus;Gaius_Macedonia;Sopater;Patrobas
Sabbath Teaching Plan — Samaria,2025-11-30 10:00:00,2025-11-30 10:45:00,Cleopas,Nymphas;Apphia;Stephanas;Joseph_Barsabas,Philip_Deacon;Apollos;Tychicus
Scribal Workshop — Colossae,2025-11-30 10:45:00,2025-11-30 11:15:00,Andrew,Apollos;Paul;Dionysius;Eutychus;Rufus;Crescens,Trophimus;Andronicus
